FirstName,Phone,Notes
John,1234567890,Note1
Jane,9876543210,Note2
Alice,1112223334,Note3
Bob,4445556667,Note4
Charlie,7778889990,Note5
David,1234567890,Note6
Eve,9876543210,Note7
Frank,1112223334,Note8
Grace,4445556667,Note9
Henry,7778889990,Note10
Iris,1234567890,Note11
Jack,9876543210,Note12
Kathy,1112223334,Note13
Leo,4445556667,Note14
Mia,7778889990,Note15
Noah,1234567890,Note16
Olivia,9876543210,Note17
Paul,1112223334,Note18
Quinn,4445556667,Note19
Rose,7778889990,Note20
Sam,1234567890,Note21
Tina,9876543210,Note22
Uma,1112223334,Note23
Victor,4445556667,Note24
Wendy,7778889990,Note25